Country,CC,Lat,Lon,Export Avg,Sample
Canada,CA,60,-95,96767.2147,6902148
Sao Tome and Principe,ST,1,7,104.99,201142
Turkmenistan,TM,40,60,162.9171667,4522514
Dem Rep of Congo - Zaire,CD,0,25,1457.3378,301679
United States of America,US,38,-97,832501.0995,7720447
Lithuania,LT,56,24,452.18,2475413
Cambodia,KH,13,105,2937.4782,1885438
Slovak Republic,SK,48.6667,19.5,199.3255,3507351
Swaziland,SZ,-26.5,31.5,36.560875,223720
Argentina,AR,-34,-64,12764.3736,4733944
Bolivia,BO,-17,-65,112.9857778,6340614
Cameroon,CM,6,12,133.663,994991
Burkina Faso,BF,13,-2,446.2311,2834275
Bahrain,BH,26,50.55,60789.6456,277138
Saudi Arabia,SA,25,45,186316.6635,6976886
Japan,JP,36,138,4051709.724,5411106
Slovenia,SI,46,15,4102.3312,7447237
Guatemala,GT,15.5,-90.25,585.8861,1229541
Bosnia and Herzegovina,BA,44,18,204.7052,850256
Kuwait,KW,29.3375,47.6581,48520.0559,3722610
Russian Federation,RU,60,100,60479.9091,4529195
Jordan,JO,31,36,16774.0513,6120849
St. Lucia,LC,13.8833,-61.1333,106.4421429,7010061
Virgin Islands- British,VG,18.5,-64.5,15.7465,50331
Spain,ES,40,-4,38482.8287,6439193
Liberia,LR,6.5,-9.5,560.914,6975275
Jamaica,JM,18.25,-77.5,876.8823,6873030
Oman,OM,21,57,32697.9624,7935984
Tanzania,TZ,-6,35,6550.2092,5589154
Costa Rica,CR,10,-84,285.159,2500785
Seychelles,SC,-4.5833,55.6667,530.5496,4032949
French Guiana,GF,4,-53,20.528,5997313
New Zealand,NZ,-41,174,629445.2129,4503072
Yemen,YE,15,48,35194.7903,7200305
Pakistan,PK,30,70,34318.0974,2433887
Albania,AL,41,20,296.3709,3419777
Samoa,WS,-13.5833,-172.3333,2088.2063,3486818
Ethiopia,ET,8,38,265.9231,3109250
Norfolk Island,NF,-29.0333,167.95,542.4962,3067059
United Arab Emirates,AE,24,54,220530.5505,1728330
Guam,GU,13.4667,144.7833,1053.4377,5293487
India,IN,20,77,688089.6933,7963115
Azerbaijan,AZ,40.5,47.5,315.6678,7294460
Wallis & Futuna Islands,WF,-13.3,-176.2,317.2675,7501103
Cyprus,CY,35,33,287.4355,1303101
Tajikistan,TJ,39,71,278.7917778,5866930
St Christopher and Nevis,KN,17.3333,-62.75,82.2875,6347134
Turkey,TR,39,35,45014.2169,4430741
Falkland Islands,FK,-51.75,-59,33.216,5381414
Fiji,FJ,-18,175,25967.5089,2715032
Bangladesh,BD,24,90,34426.4913,2601714
Mauritania,MR,20,-12,1456.1951,5874201
Solomon Islands,SB,-8,159,12423.8773,2123056
Viet Nam,VN,16,106,232491.1319,7639321
French Polynesia,PF,-15,-140,3615.9435,2407269
France,FR,46,2,107008.414,4466169
Bermuda,BM,32.3333,-64.75,57.87883333,4710631
Somalia,SO,10,49,26.1098,6318473
Peru,PE,-10,-76,5154.9254,446126
Vanuatu,VU,-16,167,6240.8981,2699029
Nauru,NR,-0.5333,166.9167,12381.2997,398638
Norway,NO,62,10,9625.8383,275038
Cote d'Ivoire,CI,8,-5,822.3058,3249618
Cook Islands,CK,-21.2333,-159.7667,479.0378,4644860
Benin,BJ,9.5,2.25,111.7374,3378870
Cuba,CU,21.5,-80,397.3715556,7696573
Macau (SAR of China),MO,22.1667,113.55,2673.9627,2830402
Montenegro,ME,42,19,13.18,3724956
Marianas Northern,MP,15.2,145.75,101.5558,3941969
Togo,TG,8,1.1667,266.4209,3353371
China,CN,35,105,8545866.212,6458079
Armenia,AM,40,45,55.1843,7782285
Dominican Republic,DO,19,-70.6667,815.5159,1153924
Ukraine,UA,49,32,5268.0943,1828491
Ghana,GH,8,-2,6403.0508,7825676
Tonga,TO,-20,-175,621.9707,33916
Finland,FI,64,26,4803.4324,1311312
Libya,LY,25,17,1701.6129,7018039
St. Helena,SH,-15.9333,-5.7,39.83333333,36366
Indonesia,ID,-5,120,406169.7131,2751785
Mauritius,MU,-20.2833,57.55,8266.5966,5225497
Sweden,SE,62,15,21233.8427,5751835
Mali,ML,17,-4,1503.0346,534798
Iran,IR,32,53,21113.5576,3207525
Hong Kong (SAR of China),HK,22.25,114.1667,231124.5202,7387971
Bulgaria,BG,43,25,5599.7152,1379500
Romania,RO,46,25,3576.0799,1677887
Angola,AO,-12.5,18.5,737.8133,2482641
Portugal,PT,39.5,-8,1670.193,380486
Trinidad and Tobago,TT,11,-61,1651.6032,4350478
Turks and Caicos Islands,TC,21.75,-71.5833,10.189,6127315
Brunei Darussalam,BN,4.5,114.6667,3250.7539,3334540
Malaysia,MY,2.5,112.5,447811.754,3695626
Austria,AT,47.3333,13.3333,7267.1379,5314846
Mozambique,MZ,-18.25,35,32049.3812,5932433
Uganda,UG,1,32,1625.2167,7933625
Hungary,HU,47,20,1510.9936,2570768
Niger,NE,16,8,5.81625,1268314
Brazil,BR,-10,-55,64470.7568,308116
Central African Repub,CF,7,21,6.377,2542120
Afghanistan,AF,33,65,506.8603,169848
Guinea,GN,11,-10,260.1101,4796226
Panama,PA,9,-80,4055.5186,5871191
Korea- Republic of,KR,37,127.5,1693638.351,6667278
Madagascar,MG,-20,47,1377.0976,1515
Luxembourg,LU,49.75,6.1667,148.4803,258634
Bahamas,BS,24.25,-76,334.3194,123768
Gibraltar,GI,36.1833,-5.3667,21.88233333,6306576
Ireland,IE,53,-8,5211.4056,7608251
Former Yug Rep Macedonia,MK,41.8333,22,38.0934,102328
Palau,PW,7.5,134.5,74.2985,5200814
Nigeria,NG,10,8,19081.2488,866457
Maldives,MV,3.25,73,2795.8587,5280707
Ecuador,EC,-2,-77.5,1392.4878,441364
Czech Republic,CZ,49.75,15.5,9922.2425,866021
Belarus,BY,53,28,35.559,2111961
Kyrgyztan,KG,41,75,190.1669,6871671
Algeria,DZ,28,3,5052.792333,3928959
El Salvador,SV,13.8333,-88.9167,1546.6564,6980589
Tuvalu,TV,-8,178,150.6022,977129
Congo,CG,-1,15,66.26755556,3313754
Sudan,SD,15,30,23636.517,1779557
Marshall Islands,MH,9,168,431.6314,3524785
Chile,CL,-30,-71,22367.7416,2623356
Puerto Rico,PR,18.25,-66.5,1140.2284,5677437
Netherlands Antilles,AN,12.25,-68.75,142.8652,5295129
Kiribati,KI,1.4167,173,1908.856,4371812
Haiti,HT,19,-72.4167,132.6343333,3089848
Belize,BZ,17.25,-88.75,11.7955,1225324
Sierra Leone,SL,8.5,-11.5,790.9908,2511487
Georgia,GE,42,43.5,1234.8628,7423325
Denmark,DK,56,10,8552.084,4254658
Poland,PL,52,20,19716.877,2019737
United States Virgin Is,VI,18.3333,-64.8333,81.411,4789709
Samoa (American),AS,-14.3333,-170,466.7057,3058692
Belgium,BE,50.8333,4,93715.1245,6812460
Namibia,NA,-22,17,1377.4423,1373058
Mongolia,MN,46,105,1136.3695,7234298
Thailand,TH,15,100,398747.0984,6093968
Switzerland,CH,47,8,69373.9636,3143489
Grenada,GD,12.1167,-61.6667,9.8935,2533651
St. Vincent & Grenadines,VC,13.25,-61.2,24.2748,7342626
Iraq,IQ,33,44,30918.3181,5345096
Chad,TD,15,19,125.4123,2708939
Estonia,EE,59,26,623.7348,954410
Uruguay,UY,-33,-56,446.8085,1910728
Mexico,MX,23,-102,41881.1257,3578496
Lebanon,LB,33.8333,35.8333,3895.5268,3097091
South Africa,ZA,-29,24,103479.6347,2482513
Uzbekistan,UZ,41,64,6.6735,4510809
Tunisia,TN,34,9,458.4971111,586185
Djibouti,DJ,11.5,43,369.6324444,2260411
Rwanda,RW,-2,30,346.3961111,416204
Antigua and Barbuda,AG,17.05,-61.8,28.13525,1182099
Dominica,DM,15.4167,-61.3333,39.775,559105
Colombia,CO,4,-72,2746.2182,759018
Reunion,RE,-21.1,55.6,384.5434,2081140
Burundi,BI,-3.5,30,435.7418,4654459
Taiwan,TW,23.5,121,595243.8284,530553
Nicaragua,NI,13,-85,17.630125,1953823
Barbados,BB,13.1667,-59.5333,277.5662,4852963
Comoros- Republic of,KM,-12.1667,44.25,27,4813883
Qatar,QA,25.5,51.25,42090.1284,4548600
Italy,IT,42.8333,12.8333,59465.344,731809
Bhutan,BT,27.5,90.5,18.737,7957459
Kenya,KE,1,38,7590.8455,4878498
Micronesia Fed States of,FM,6.9167,158.25,556.2752,1967522
Laos,LA,18,105,3016.2582,6987336
Malta,MT,35.8333,14.5833,344.8282,6362235
Netherlands,NL,52.5,5.75,159159.2816,5962425
Suriname,SR,4,-56,277.765,3697601
Cayman Islands,KY,19.5,-80.5,31.383875,4983404
Anguilla,AI,18.25,-63.1667,7.954,1694998
Venezuela,VE,8,-66,360.7641,6492525
Israel,IL,31.5,34.75,21565.4833,1703770
Iceland,IS,65,-18,324.788,2443697
Zambia,ZM,-15,30,1804.9505,5413980
Senegal,SN,14,-14,1943.9927,791692
Papua New Guinea,PG,-6,147,195990.8811,6011054
Malawi,MW,-13.5,34,1291.9343,7695735
Zimbabwe,ZW,-20,30,265.2667,7999254
Germany,DE,51,9,154187.4937,7641514
Kazakhstan,KZ,48,68,3544.397,3726219
Philippines,PH,13,122,123579.8313,7082336
Eritrea,ER,15,39,108.2981111,4530326
New Caledonia,NC,-21.5,165.5,24817.5623,5078542
Sri Lanka,LK,7,81,17977.994,3324207
Latvia,LV,57,25,927.605,1803942
Guyana,GY,5,-59,172.0179,1765110
Croatia,HR,45.1667,15.5,159.5882,6993521
Syria,SY,35,38,302.7083,313634
Moldova,MD,47,29,211.7495714,5602202
Nepal,NP,28,84,1122.8462,7007479
Morocco,MA,32,-5,2859.2001,7037710
Honduras,HN,15,-86.5,249.9286,4407641
Myanmar,MM,22,98,12357.3514,6786980
Equatorial Guinea,GQ,2,10,49.99528571,5682906
Egypt,EG,27,30,36730.1366,2826200
Singapore,SG,1.3667,103.8,654492.8874,863685
Serbia,RS,44,21,75.4024,1441315
United Kingdom,GB,54,-2,304580.815,2570768
Greece,GR,39,22,976.4097,1268314
Paraguay,PY,-23,-58,95.0892,308116
Gabon,GA,-1,11.75,456.7559,2542120
Botswana,BW,-22,24,225.6361,169848
Niue,NU,-19.0333,-169.8667,18.407,4796226